{"cameraMode":{"drawMode":0,"name":"Shaded","section":"Shading Mode"},"sceneLighting":true,"audioPlay":false,"sceneViewState":{"showFog":true,"showMaterialUpdate":false,"showSkybox":false,"showFlares":true,"showImageEffects":true,"showParticleSystems":true},"in2DMode":false,"pivot":{"x":0.20797236263751985,"y":4.261849403381348,"z":-0.4356422424316406},"rotation":{"x":0.29262399673461916,"y":-0.013482972979545594,"z":0.004126686602830887,"w":0.9561236500740051},"size":8.207387924194336,"orthographic":false}