{"cameraMode":{"drawMode":0,"name":"Shaded","section":"Shading Mode"},"sceneLighting":true,"audioPlay":false,"sceneViewState":{"showFog":true,"showMaterialUpdate":false,"showSkybox":true,"showFlares":true,"showImageEffects":true,"showParticleSystems":true},"in2DMode":false,"pivot":{"x":229.7942352294922,"y":-24.8953857421875,"z":130.75338745117188},"rotation":{"x":0.2690505385398865,"y":-0.49566686153411868,"z":0.164808988571167,"w":0.8091750144958496},"size":43.96949005126953,"orthographic":true}