{"cameraMode":{"drawMode":0,"name":"Shaded","section":"Shading Mode"},"sceneLighting":false,"audioPlay":false,"sceneViewState":{"showFog":true,"showMaterialUpdate":false,"showSkybox":false,"showFlares":true,"showImageEffects":true,"showParticleSystems":true},"in2DMode":false,"pivot":{"x":-0.0027695894241333009,"y":0.6583961844444275,"z":0.024197518825531007},"rotation":{"x":-0.049910519272089007,"y":0.9497005939483643,"z":-0.20421884953975678,"w":-0.23210448026657105},"size":4.05587100982666,"orthographic":true}