{"cameraMode":{"drawMode":0,"name":"Shaded","section":"Shading Mode"},"sceneLighting":true,"audioPlay":false,"sceneViewState":{"showFog":true,"showMaterialUpdate":false,"showSkybox":true,"showFlares":true,"showImageEffects":true,"showParticleSystems":true},"in2DMode":false,"pivot":{"x":-0.08997620642185211,"y":1.1920158863067628,"z":-0.41044843196868899},"rotation":{"x":-0.049910519272089007,"y":0.9497005939483643,"z":-0.20421884953975678,"w":-0.23210448026657105},"size":11.420077323913575,"orthographic":true}