{"cameraMode":{"drawMode":0,"name":"Shaded","section":"Shading Mode"},"sceneLighting":true,"audioPlay":false,"sceneViewState":{"showFog":true,"showMaterialUpdate":false,"showSkybox":false,"showFlares":true,"showImageEffects":true,"showParticleSystems":true},"in2DMode":false,"pivot":{"x":-0.03357839584350586,"y":0.42174580693244936,"z":-0.2806033790111542},"rotation":{"x":0.05156321823596954,"y":0.9477885365486145,"z":-0.23980002105236054,"w":0.20379921793937684},"size":3.1637840270996095,"orthographic":false}