{"cameraMode":{"drawMode":0,"name":"Shaded","section":"Shading Mode"},"sceneLighting":false,"audioPlay":false,"sceneViewState":{"showFog":true,"showMaterialUpdate":false,"showSkybox":false,"showFlares":true,"showImageEffects":true,"showParticleSystems":true},"in2DMode":false,"pivot":{"x":-6.227447032928467,"y":-3.5283203125,"z":5.286334037780762},"rotation":{"x":0.008730503730475903,"y":-0.991036057472229,"z":0.1044430136680603,"w":0.08284268528223038},"size":8.007074356079102,"orthographic":true}