{"cameraMode":{"drawMode":0,"name":"Shaded","section":"Shading Mode"},"sceneLighting":false,"audioPlay":false,"sceneViewState":{"showFog":true,"showMaterialUpdate":false,"showSkybox":false,"showFlares":true,"showImageEffects":true,"showParticleSystems":true},"in2DMode":false,"pivot":{"x":-0.0027695894241333009,"y":0.6583961844444275,"z":0.024197518825531007},"rotation":{"x":-0.07170554995536804,"y":0.08010328561067581,"z":-0.005777402780950069,"w":-0.9941873550415039},"size":4.05587100982666,"orthographic":true}