{"cameraMode":{"drawMode":0,"name":"Shaded","section":"Shading Mode"},"sceneLighting":false,"audioPlay":false,"sceneViewState":{"showFog":true,"showMaterialUpdate":false,"showSkybox":false,"showFlares":true,"showImageEffects":true,"showParticleSystems":true},"in2DMode":false,"pivot":{"x":-3.5005831718444826,"y":-4.016388893127441,"z":12.534475326538086},"rotation":{"x":-0.09888660162687302,"y":0.9005074501037598,"z":-0.2815225124359131,"w":-0.31631147861480715},"size":13.018563270568848,"orthographic":true}