{"cameraMode":{"drawMode":0,"name":"Shaded","section":"Shading Mode"},"sceneLighting":false,"audioPlay":false,"sceneViewState":{"showFog":true,"showMaterialUpdate":false,"showSkybox":false,"showFlares":true,"showImageEffects":true,"showParticleSystems":true},"in2DMode":false,"pivot":{"x":-7.626553058624268,"y":-3.475027561187744,"z":11.018692016601563},"rotation":{"x":0.13056820631027223,"y":-0.8630771040916443,"z":0.284100204706192,"w":0.39665740728378298},"size":16.31853675842285,"orthographic":true}